{"graph": {"_type": "graph-file", "sha256": "b728b53c65b4c4c9e7b593a9db43c0ccbf305c295cf6dc309d9847513dc7a2e3", "size": 5593, "path": "media/graph/graph_summary_b728b53c65b4c4c9e7b5.graph.json"}, "epoch": 9, "_timestamp": 1668189531.3560076, "loss": 0.2904299199581146, "accuracy": 0.8798647522926331, "auc": 0.947172999382019, "precision": 0.8935691714286804, "precision_m": 0.8935213088989258, "recall": 0.8631697297096252, "recall_m": 0.8646243214607239, "f1_m": 0.8774937391281128, "val_loss": 0.2731541097164154, "val_accuracy": 0.8892561793327332, "val_auc": 0.9540900588035583, "val_precision": 0.9037525653839111, "val_precision_m": 0.903451681137085, "val_recall": 0.8698806166648865, "val_recall_m": 0.870188295841217, "val_f1_m": 0.8855823874473572, "_runtime": 313.66869354248047, "_step": 9, "best_val_loss": 0.2731541097164154, "best_epoch": 9, "_wandb": {"runtime": 317}}