{"graph": {"_type": "graph-file", "sha256": "5b6e290f90d6670a3e7855bf8db33a459d4ea90b90c2e78bf4629057867561f3", "size": 5577, "path": "media/graph/graph_summary_5b6e290f90d6670a3e78.graph.json"}, "epoch": 9, "_timestamp": 1668188217.7272787, "loss": 0.29935944080352783, "accuracy": 0.8751643300056458, "auc": 0.9421042799949646, "precision": 0.8959993720054626, "precision_m": 0.8968406319618225, "recall": 0.8477604985237122, "recall_m": 0.8501730561256409, "f1_m": 0.8715006113052368, "val_loss": 0.33345291018486023, "val_accuracy": 0.8702020645141602, "val_auc": 0.9458714127540588, "val_precision": 0.8482642769813538, "val_precision_m": 0.8396843075752258, "val_recall": 0.9039379358291626, "val_recall_m": 0.8950739502906799, "val_f1_m": 0.865532636642456, "_runtime": 155.26895666122437, "_step": 9, "best_val_loss": 0.294833779335022, "best_epoch": 6, "_wandb": {"runtime": 154}}