{"graph": {"_type": "graph-file", "sha256": "89a1fd68ce97e59e8353529748038c6755c67f7fd7c9b7ef385a9358bf00b576", "size": 6188, "path": "media/graph/graph_summary_89a1fd68ce97e59e8353.graph.json"}, "epoch": 9, "_timestamp": 1668187745.7472794, "loss": 0.3047431707382202, "accuracy": 0.8742913007736206, "auc": 0.9389810562133789, "precision": 0.9008777141571045, "precision_m": 0.9015724658966064, "recall": 0.8408868908882141, "recall_m": 0.8428856730461121, "f1_m": 0.869929850101471, "val_loss": 0.3138217628002167, "val_accuracy": 0.873675525188446, "val_auc": 0.9456320405006409, "val_precision": 0.9484870433807373, "val_precision_m": 0.9486374258995056, "val_recall": 0.7905719876289368, "val_recall_m": 0.7907086610794067, "val_f1_m": 0.861404299736023, "_runtime": 152.56974935531616, "_step": 9, "best_val_loss": 0.3061707317829132, "best_epoch": 4, "_wandb": {"runtime": 152}}