{"graph": {"_type": "graph-file", "sha256": "1ac447d07722dec85edd1d9da1647d8afb9975d2365d503dca93a3c497b6aa5f", "size": 6205, "path": "media/graph/graph_summary_1ac447d07722dec85edd.graph.json"}, "epoch": 9, "_timestamp": 1668191089.1002223, "loss": 0.29815030097961426, "accuracy": 0.8746618628501892, "auc": 0.943163275718689, "precision": 0.8942111134529114, "precision_m": 0.8942800760269165, "recall": 0.8509730696678162, "recall_m": 0.8527110815048218, "f1_m": 0.8715428113937378, "val_loss": 0.3122081160545349, "val_accuracy": 0.8667718768119812, "val_auc": 0.9428224563598633, "val_precision": 0.9183425903320312, "val_precision_m": 0.9182401299476624, "val_recall": 0.8026973605155945, "val_recall_m": 0.8028082251548767, "val_f1_m": 0.8553144931793213, "_runtime": 520.5757782459259, "_step": 9, "best_val_loss": 0.2856957018375397, "best_epoch": 8, "_wandb": {"runtime": 519}}