{"graph": {"_type": "graph-file", "sha256": "1ac447d07722dec85edd1d9da1647d8afb9975d2365d503dca93a3c497b6aa5f", "size": 6205, "path": "media/graph/graph_summary_1ac447d07722dec85edd.graph.json"}, "epoch": 9, "_timestamp": 1668190056.7001617, "loss": 0.27632489800453186, "accuracy": 0.8865224123001099, "auc": 0.9517838358879089, "precision": 0.902250349521637, "precision_m": 0.9027080535888672, "recall": 0.867087185382843, "recall_m": 0.8685105443000793, "f1_m": 0.8840634822845459, "val_loss": 0.33507344126701355, "val_accuracy": 0.875206708908081, "val_auc": 0.9547326564788818, "val_precision": 0.9647387862205505, "val_precision_m": 0.9648193717002869, "val_recall": 0.7785305380821228, "val_recall_m": 0.7787450551986694, "val_f1_m": 0.8609097599983215, "_runtime": 519.2092747688293, "_step": 9, "best_val_loss": 0.317796528339386, "best_epoch": 8, "_wandb": {"runtime": 518}}