{"graph": {"_type": "graph-file", "sha256": "5b6e290f90d6670a3e7855bf8db33a459d4ea90b90c2e78bf4629057867561f3", "size": 5577, "path": "media/graph/graph_summary_5b6e290f90d6670a3e78.graph.json"}, "epoch": 9, "_timestamp": 1668187901.690431, "loss": 0.30601170659065247, "accuracy": 0.8729020357131958, "auc": 0.9404275417327881, "precision": 0.889324963092804, "precision_m": 0.8899267911911011, "recall": 0.851559579372406, "recall_m": 0.8526728749275208, "f1_m": 0.8696149587631226, "val_loss": 0.29425615072250366, "val_accuracy": 0.8795371055603027, "val_auc": 0.9479888677597046, "val_precision": 0.9184315204620361, "val_precision_m": 0.9188622832298279, "val_recall": 0.8333583474159241, "val_recall_m": 0.8333785533905029, "val_f1_m": 0.8730446696281433, "_runtime": 154.7312150001526, "_step": 9, "best_val_loss": 0.28377360105514526, "best_epoch": 8, "_wandb": {"runtime": 153}}