{"graph": {"_type": "graph-file", "sha256": "89a1fd68ce97e59e8353529748038c6755c67f7fd7c9b7ef385a9358bf00b576", "size": 6188, "path": "media/graph/graph_summary_89a1fd68ce97e59e8353.graph.json"}, "epoch": 9, "_timestamp": 1668188060.2387664, "loss": 0.28982114791870117, "accuracy": 0.879971444606781, "auc": 0.9453648924827576, "precision": 0.900397777557373, "precision_m": 0.900848925113678, "recall": 0.8534157872200012, "recall_m": 0.8557819128036499, "f1_m": 0.8764657974243164, "val_loss": 0.4216020107269287, "val_accuracy": 0.8244572877883911, "val_auc": 0.9354862570762634, "val_precision": 0.9785228967666626, "val_precision_m": 0.9690049886703491, "val_recall": 0.6660202741622925, "val_recall_m": 0.6588534116744995, "val_f1_m": 0.7827490568161011, "_runtime": 157.39129853248596, "_step": 9, "best_val_loss": 0.3034847676753998, "best_epoch": 7, "_wandb": {"runtime": 157}}