{"graph": {"_type": "graph-file", "sha256": "b728b53c65b4c4c9e7b593a9db43c0ccbf305c295cf6dc309d9847513dc7a2e3", "size": 5593, "path": "media/graph/graph_summary_b728b53c65b4c4c9e7b5.graph.json"}, "epoch": 9, "_timestamp": 1668188869.0631359, "loss": 0.2777065634727478, "accuracy": 0.8866897225379944, "auc": 0.9516347050666809, "precision": 0.9028071165084839, "precision_m": 0.9034897685050964, "recall": 0.8668168187141418, "recall_m": 0.8691847920417786, "f1_m": 0.8848069310188293, "val_loss": 0.26827380061149597, "val_accuracy": 0.8882291316986084, "val_auc": 0.9574807286262512, "val_precision": 0.9378291368484497, "val_precision_m": 0.9380007982254028, "val_recall": 0.8312255144119263, "val_recall_m": 0.8320655226707458, "val_f1_m": 0.8807802200317383, "_runtime": 308.0815417766571, "_step": 9, "best_val_loss": 0.26827380061149597, "best_epoch": 9, "_wandb": {"runtime": 311}}