{"graph": {"_type": "graph-file", "sha256": "94d2e0010e9f952f027f919d2173053424d59abe76934679718dd5747bc485cd", "size": 5594, "path": "media/graph/graph_summary_94d2e0010e9f952f027f.graph.json"}, "epoch": 9, "_timestamp": 1668190567.300281, "loss": 0.28172627091407776, "accuracy": 0.8847569823265076, "auc": 0.9496814608573914, "precision": 0.8995088338851929, "precision_m": 0.8996827602386475, "recall": 0.8664113283157349, "recall_m": 0.8674601316452026, "f1_m": 0.8822985887527466, "val_loss": 0.3205365836620331, "val_accuracy": 0.8644564747810364, "val_auc": 0.9502488970756531, "val_precision": 0.9524967074394226, "val_precision_m": 0.9533863663673401, "val_recall": 0.7667871117591858, "val_recall_m": 0.7669327855110168, "val_f1_m": 0.8488562107086182, "_runtime": 509.3033411502838, "_step": 9, "best_val_loss": 0.28215640783309937, "best_epoch": 6, "_wandb": {"runtime": 508}}