{"graph": {"_type": "graph-file", "sha256": "6656d59d90b71e51d30f3e4307efe942419ac81118dea59b968a57d920a8780b", "size": 6204, "path": "media/graph/graph_summary_6656d59d90b71e51d30f.graph.json"}, "epoch": 9, "_timestamp": 1668188554.4344666, "loss": 0.269166499376297, "accuracy": 0.8917974829673767, "auc": 0.953971803188324, "precision": 0.9052721261978149, "precision_m": 0.9060055613517761, "recall": 0.8753002882003784, "recall_m": 0.8776099681854248, "f1_m": 0.8903802037239075, "val_loss": 0.2511785924434662, "val_accuracy": 0.8949939608573914, "val_auc": 0.9599080681800842, "val_precision": 0.9193986654281616, "val_precision_m": 0.9200115203857422, "val_recall": 0.865552544593811, "val_recall_m": 0.865975022315979, "val_f1_m": 0.8912841081619263, "_runtime": 335.5387976169586, "_step": 9, "best_val_loss": 0.2511785924434662, "best_epoch": 9, "_wandb": {"runtime": 339}}