{"graph": {"_type": "graph-file", "sha256": "6656d59d90b71e51d30f3e4307efe942419ac81118dea59b968a57d920a8780b", "size": 6204, "path": "media/graph/graph_summary_6656d59d90b71e51d30f.graph.json"}, "epoch": 9, "_timestamp": 1668189211.1289423, "loss": 0.2869631052017212, "accuracy": 0.8825319409370422, "auc": 0.9468319416046143, "precision": 0.9032996296882629, "precision_m": 0.9031919240951538, "recall": 0.857474684715271, "recall_m": 0.8593199253082275, "f1_m": 0.8793687224388123, "val_loss": 0.29233628511428833, "val_accuracy": 0.8795642256736755, "val_auc": 0.9519872069358826, "val_precision": 0.9531815052032471, "val_precision_m": 0.9530571699142456, "val_recall": 0.7968868017196655, "val_recall_m": 0.7974027991294861, "val_f1_m": 0.8673352003097534, "_runtime": 336.0438961982727, "_step": 9, "best_val_loss": 0.29233628511428833, "best_epoch": 9, "_wandb": {"runtime": 340}}